70BCSV 	
// AQ6370C OPTICAL SPECTRUM ANALYZER //                 
25
"CTRWL",1550.000000
"SPAN",  50.000000
"START WL",1525.000000
"STOP WL",1575.000000
"WLFREQ", 0
"REFL",-55.0
"LSCL", 3.0
"RESLN",0.100
"AVG",   1
"SMPLAUTO",      0
"SMPL",       2001
"SMPLINTVL",0.0250
"MID"
"MEAS"
"LSUNT",0
"NMSKH","OFF"
"RESCOR",0
"SMOOTH",0
"FIBERTYPE",0
"RESPARM", 9348
"FREQPARM", 9348




"[TRACE DATA]"
1525.0000, -64.089
1525.0250, -63.882
1525.0500, -63.848
1525.0750, -63.988
1525.1000, -63.787
1525.1250, -63.785
1525.1500, -63.461
1525.1750, -63.615
1525.2000, -63.351
1525.2250, -63.482
1525.2500, -63.240
1525.2750, -63.268
1525.3000, -63.378
1525.3250, -63.134
1525.3500, -63.022
1525.3750, -63.023
1525.4000, -62.872
1525.4250, -62.876
1525.4500, -62.824
1525.4750, -62.732
1525.5000, -62.584
1525.5250, -62.694
1525.5500, -62.468
1525.5750, -62.518
1525.6000, -62.468
1525.6250, -62.441
1525.6500, -62.369
1525.6750, -62.157
1525.7000, -62.194
1525.7250, -62.134
1525.7500, -62.022
1525.7750, -62.057
1525.8000, -61.869
1525.8250, -62.162
1525.8500, -62.088
1525.8750, -61.884
1525.9000, -61.897
1525.9250, -61.863
1525.9500, -61.729
1525.9750, -61.664
1526.0000, -61.495
1526.0250, -61.451
1526.0500, -61.556
1526.0750, -61.426
1526.1000, -61.536
1526.1250, -61.392
1526.1500, -61.537
1526.1750, -61.406
1526.2000, -61.302
1526.2250, -60.999
1526.2500, -61.112
1526.2750, -61.037
1526.3000, -61.040
1526.3250, -60.985
1526.3500, -61.053
1526.3750, -61.052
1526.4000, -60.927
1526.4250, -60.845
1526.4500, -60.682
1526.4750, -60.907
1526.5000, -60.587
1526.5250, -60.611
1526.5500, -60.620
1526.5750, -60.638
1526.6000, -60.607
1526.6250, -60.729
1526.6500, -60.513
1526.6750, -60.515
1526.7000, -60.378
1526.7250, -60.342
1526.7500, -60.267
1526.7750, -60.354
1526.8000, -60.320
1526.8250, -60.251
1526.8500, -60.169
1526.8750, -60.203
1526.9000, -60.133
1526.9250, -60.072
1526.9500, -60.082
1526.9750, -59.924
1527.0000, -59.981
1527.0250, -59.762
1527.0500, -59.868
1527.0750, -59.785
1527.1000, -59.913
1527.1250, -59.945
1527.1500, -59.916
1527.1750, -59.758
1527.2000, -59.706
1527.2250, -59.709
1527.2500, -59.634
1527.2750, -59.658
1527.3000, -59.560
1527.3250, -59.550
1527.3500, -59.512
1527.3750, -59.452
1527.4000, -59.446
1527.4250, -59.379
1527.4500, -59.357
1527.4750, -59.436
1527.5000, -59.385
1527.5250, -59.403
1527.5500, -59.363
1527.5750, -59.278
1527.6000, -59.262
1527.6250, -59.266
1527.6500, -59.243
1527.6750, -59.234
1527.7000, -59.198
1527.7250, -59.134
1527.7500, -59.251
1527.7750, -59.088
1527.8000, -59.078
1527.8250, -58.944
1527.8500, -58.974
1527.8750, -58.913
1527.9000, -59.038
1527.9250, -59.002
1527.9500, -58.922
1527.9750, -58.972
1528.0000, -58.961
1528.0250, -58.822
1528.0500, -58.866
1528.0750, -58.834
1528.1000, -58.892
1528.1250, -58.893
1528.1500, -58.841
1528.1750, -58.819
1528.2000, -58.717
1528.2250, -58.791
1528.2500, -58.668
1528.2750, -58.702
1528.3000, -58.705
1528.3250, -58.620
1528.3500, -58.626
1528.3750, -58.553
1528.4000, -58.655
1528.4250, -58.690
1528.4500, -58.685
1528.4750, -58.683
1528.5000, -58.689
1528.5250, -58.507
1528.5500, -58.593
1528.5750, -58.536
1528.6000, -58.622
1528.6250, -58.696
1528.6500, -58.621
1528.6750, -58.597
1528.7000, -58.503
1528.7250, -58.484
1528.7500, -58.520
1528.7750, -58.498
1528.8000, -58.493
1528.8250, -58.383
1528.8500, -58.397
1528.8750, -58.466
1528.9000, -58.456
1528.9250, -58.547
1528.9500, -58.609
1528.9750, -58.484
1529.0000, -58.466
1529.0250, -58.434
1529.0500, -58.485
1529.0750, -58.506
1529.1000, -58.559
1529.1250, -58.475
1529.1500, -58.482
1529.1750, -58.487
1529.2000, -58.461
1529.2250, -58.387
1529.2500, -58.469
1529.2750, -58.519
1529.3000, -58.423
1529.3250, -58.425
1529.3500, -58.380
1529.3750, -58.393
1529.4000, -58.417
1529.4250, -58.481
1529.4500, -58.430
1529.4750, -58.397
1529.5000, -58.405
1529.5250, -58.421
1529.5500, -58.360
1529.5750, -58.530
1529.6000, -58.636
1529.6250, -58.631
1529.6500, -58.551
1529.6750, -58.514
1529.7000, -58.504
1529.7250, -58.452
1529.7500, -58.519
1529.7750, -58.481
1529.8000, -58.499
1529.8250, -58.581
1529.8500, -58.594
1529.8750, -58.759
1529.9000, -58.777
1529.9250, -58.773
1529.9500, -58.678
1529.9750, -58.544
1530.0000, -58.540
1530.0250, -58.654
1530.0500, -58.690
1530.0750, -58.786
1530.1000, -58.862
1530.1250, -58.891
1530.1500, -58.785
1530.1750, -58.844
1530.2000, -58.716
1530.2250, -58.699
1530.2500, -58.774
1530.2750, -58.823
1530.3000, -58.873
1530.3250, -59.005
1530.3500, -59.247
1530.3750, -59.218
1530.4000, -59.251
1530.4250, -59.040
1530.4500, -58.915
1530.4750, -58.882
1530.5000, -58.885
1530.5250, -58.954
1530.5500, -59.110
1530.5750, -59.264
1530.6000, -59.167
1530.6250, -59.222
1530.6500, -59.061
1530.6750, -59.019
1530.7000, -59.091
1530.7250, -59.174
1530.7500, -59.225
1530.7750, -59.209
1530.8000, -59.257
1530.8250, -59.400
1530.8500, -59.396
1530.8750, -59.491
1530.9000, -59.422
1530.9250, -59.315
1530.9500, -59.214
1530.9750, -59.200
1531.0000, -59.322
1531.0250, -59.458
1531.0500, -59.638
1531.0750, -59.588
1531.1000, -59.540
1531.1250, -59.410
1531.1500, -59.416
1531.1750, -59.367
1531.2000, -59.432
1531.2250, -59.460
1531.2500, -59.514
1531.2750, -59.588
1531.3000, -59.449
1531.3250, -59.610
1531.3500, -59.624
1531.3750, -59.653
1531.4000, -59.595
1531.4250, -59.599
1531.4500, -59.585
1531.4750, -59.627
1531.5000, -59.781
1531.5250, -59.717
1531.5500, -59.723
1531.5750, -59.649
1531.6000, -59.572
1531.6250, -59.406
1531.6500, -59.442
1531.6750, -59.677
1531.7000, -59.641
1531.7250, -59.828
1531.7500, -59.740
1531.7750, -59.730
1531.8000, -59.692
1531.8250, -59.787
1531.8500, -59.893
1531.8750, -59.932
1531.9000, -59.916
1531.9250, -59.844
1531.9500, -59.806
1531.9750, -59.913
1532.0000, -59.989
1532.0250, -59.957
1532.0500, -59.887
1532.0750, -59.625
1532.1000, -59.564
1532.1250, -59.650
1532.1500, -59.686
1532.1750, -59.672
1532.2000, -59.714
1532.2250, -59.756
1532.2500, -59.846
1532.2750, -59.928
1532.3000, -59.852
1532.3250, -59.960
1532.3500, -59.913
1532.3750, -59.948
1532.4000, -59.795
1532.4250, -59.874
1532.4500, -59.912
1532.4750, -59.946
1532.5000, -59.902
1532.5250, -59.974
1532.5500, -60.020
1532.5750, -59.938
1532.6000, -59.817
1532.6250, -59.719
1532.6500, -59.842
1532.6750, -59.974
1532.7000, -60.032
1532.7250, -60.082
1532.7500, -60.055
1532.7750, -59.942
1532.8000, -60.052
1532.8250, -59.905
1532.8500, -59.988
1532.8750, -59.989
1532.9000, -60.034
1532.9250, -60.172
1532.9500, -60.005
1532.9750, -60.195
1533.0000, -60.201
1533.0250, -60.112
1533.0500, -60.049
1533.0750, -60.080
1533.1000, -60.166
1533.1250, -60.233
1533.1500, -60.290
1533.1750, -60.198
1533.2000, -60.142
1533.2250, -60.165
1533.2500, -60.029
1533.2750, -60.047
1533.3000, -60.046
1533.3250, -60.186
1533.3500, -60.268
1533.3750, -60.239
1533.4000, -60.247
1533.4250, -60.291
1533.4500, -60.195
1533.4750, -60.121
1533.5000, -60.128
1533.5250, -60.403
1533.5500, -60.658
1533.5750, -60.814
1533.6000, -60.728
1533.6250, -60.682
1533.6500, -60.511
1533.6750, -60.495
1533.7000, -60.426
1533.7250, -60.439
1533.7500, -60.575
1533.7750, -60.584
1533.8000, -60.604
1533.8250, -60.603
1533.8500, -60.543
1533.8750, -60.695
1533.9000, -60.723
1533.9250, -60.920
1533.9500, -60.984
1533.9750, -61.119
1534.0000, -61.242
1534.0250, -61.153
1534.0500, -60.619
1534.0750, -60.554
1534.1000, -60.392
1534.1250, -60.354
1534.1500, -60.478
1534.1750, -60.526
1534.2000, -60.749
1534.2250, -60.924
1534.2500, -61.144
1534.2750, -61.128
1534.3000, -61.338
1534.3250, -61.361
1534.3500, -61.393
1534.3750, -61.263
1534.4000, -61.268
1534.4250, -61.268
1534.4500, -61.012
1534.4750, -60.557
1534.5000, -60.475
1534.5250, -60.262
1534.5500, -60.472
1534.5750, -60.768
1534.6000, -61.003
1534.6250, -61.092
1534.6500, -61.238
1534.6750, -61.112
1534.7000, -60.952
1534.7250, -60.707
1534.7500, -60.768
1534.7750, -60.787
1534.8000, -60.788
1534.8250, -60.750
1534.8500, -60.780
1534.8750, -60.594
1534.9000, -60.711
1534.9250, -60.931
1534.9500, -60.935
1534.9750, -61.237
1535.0000, -61.379
1535.0250, -61.503
1535.0500, -61.474
1535.0750, -61.289
1535.1000, -61.092
1535.1250, -60.715
1535.1500, -60.719
1535.1750, -60.603
1535.2000, -60.566
1535.2250, -60.734
1535.2500, -60.873
1535.2750, -61.242
1535.3000, -61.527
1535.3250, -61.480
1535.3500, -61.557
1535.3750, -61.556
1535.4000, -61.573
1535.4250, -61.665
1535.4500, -61.354
1535.4750, -61.297
1535.5000, -61.050
1535.5250, -61.125
1535.5500, -61.083
1535.5750, -61.336
1535.6000, -61.530
1535.6250, -61.579
1535.6500, -61.847
1535.6750, -61.926
1535.7000, -62.096
1535.7250, -62.291
1535.7500, -62.158
1535.7750, -62.172
1535.8000, -61.863
1535.8250, -61.490
1535.8500, -61.203
1535.8750, -61.258
1535.9000, -61.416
1535.9250, -61.782
1535.9500, -61.715
1535.9750, -61.692
1536.0000, -61.426
1536.0250, -61.121
1536.0500, -61.163
1536.0750, -61.187
1536.1000, -61.438
1536.1250, -61.334
1536.1500, -61.138
1536.1750, -60.965
1536.2000, -60.718
1536.2250, -60.760
1536.2500, -60.832
1536.2750, -61.242
1536.3000, -61.395
1536.3250, -61.599
1536.3500, -61.430
1536.3750, -61.519
1536.4000, -61.310
1536.4250, -61.373
1536.4500, -61.201
1536.4750, -60.994
1536.5000, -60.819
1536.5250, -60.877
1536.5500, -60.867
1536.5750, -61.112
1536.6000, -61.119
1536.6250, -61.308
1536.6500, -61.365
1536.6750, -61.543
1536.7000, -61.401
1536.7250, -61.532
1536.7500, -61.410
1536.7750, -61.309
1536.8000, -61.233
1536.8250, -61.301
1536.8500, -61.251
1536.8750, -61.381
1536.9000, -61.653
1536.9250, -61.567
1536.9500, -61.700
1536.9750, -61.669
1537.0000, -62.085
1537.0250, -62.202
1537.0500, -62.105
1537.0750, -62.045
1537.1000, -61.772
1537.1250, -61.909
1537.1500, -62.061
1537.1750, -62.385
1537.2000, -62.806
1537.2250, -62.988
1537.2500, -63.092
1537.2750, -62.919
1537.3000, -62.503
1537.3250, -61.936
1537.3500, -61.801
1537.3750, -61.710
1537.4000, -61.986
1537.4250, -62.152
1537.4500, -62.323
1537.4750, -62.636
1537.5000, -62.542
1537.5250, -62.781
1537.5500, -62.412
1537.5750, -61.920
1537.6000, -61.696
1537.6250, -61.277
1537.6500, -61.467
1537.6750, -61.591
1537.7000, -61.761
1537.7250, -62.062
1537.7500, -62.051
1537.7750, -62.001
1537.8000, -61.892
1537.8250, -61.539
1537.8500, -61.193
1537.8750, -60.891
1537.9000, -60.690
1537.9250, -61.014
1537.9500, -61.429
1537.9750, -61.835
1538.0000, -62.004
1538.0250, -61.863
1538.0500, -61.625
1538.0750, -61.427
1538.1000, -61.229
1538.1250, -61.399
1538.1500, -61.658
1538.1750, -61.903
1538.2000, -61.856
1538.2250, -61.925
1538.2500, -61.925
1538.2750, -61.833
1538.3000, -61.467
1538.3250, -61.137
1538.3500, -61.107
1538.3750, -61.175
1538.4000, -61.542
1538.4250, -62.033
1538.4500, -62.163
1538.4750, -62.168
1538.5000, -62.010
1538.5250, -61.500
1538.5500, -61.051
1538.5750, -60.757
1538.6000, -60.670
1538.6250, -60.915
1538.6500, -61.264
1538.6750, -62.021
1538.7000, -62.646
1538.7250, -62.682
1538.7500, -62.332
1538.7750, -61.683
1538.8000, -61.356
1538.8250, -61.284
1538.8500, -61.636
1538.8750, -61.967
1538.9000, -62.675
1538.9250, -63.437
1538.9500, -63.761
1538.9750, -63.731
1539.0000, -63.626
1539.0250, -62.873
1539.0500, -62.694
1539.0750, -62.330
1539.1000, -62.060
1539.1250, -62.111
1539.1500, -62.739
1539.1750, -63.367
1539.2000, -63.927
1539.2250, -63.997
1539.2500, -63.185
1539.2750, -62.155
1539.3000, -61.183
1539.3250, -60.779
1539.3500, -61.002
1539.3750, -61.950
1539.4000, -63.468
1539.4250, -63.951
1539.4500, -63.383
1539.4750, -62.353
1539.5000, -61.604
1539.5250, -61.566
1539.5500, -61.917
1539.5750, -62.811
1539.6000, -63.231
1539.6250, -62.807
1539.6500, -61.750
1539.6750, -61.221
1539.7000, -61.292
1539.7250, -61.879
1539.7500, -62.825
1539.7750, -63.497
1539.8000, -63.418
1539.8250, -63.199
1539.8500, -62.707
1539.8750, -62.870
1539.9000, -63.475
1539.9250, -64.312
1539.9500, -65.472
1539.9750, -65.815
1540.0000, -66.084
1540.0250, -66.928
1540.0500, -67.125
1540.0750, -69.095
1540.1000, -69.397
1540.1250, -71.766
1540.1500, -69.799
1540.1750, -70.258
1540.2000, -70.481
1540.2250, -72.642
1540.2500, -75.088
1540.2750, -78.551
1540.3000, -71.746
1540.3250, -68.413
1540.3500, -66.298
1540.3750, -64.858
1540.4000, -64.481
1540.4250, -64.728
1540.4500, -64.940
1540.4750, -64.655
1540.5000, -63.847
1540.5250, -63.496
1540.5500, -63.453
1540.5750, -64.704
1540.6000, -66.403
1540.6250, -69.010
1540.6500, -68.584
1540.6750, -66.491
1540.7000, -65.542
1540.7250, -65.249
1540.7500, -65.602
1540.7750, -65.437
1540.8000, -65.926
1540.8250, -65.419
1540.8500, -64.520
1540.8750, -63.131
1540.9000, -61.605
1540.9250, -60.454
1540.9500, -59.840
1540.9750, -59.612
1541.0000, -59.419
1541.0250, -59.171
1541.0500, -58.604
1541.0750, -58.314
1541.1000, -58.103
1541.1250, -58.022
1541.1500, -58.103
1541.1750, -58.079
1541.2000, -58.305
1541.2250, -58.402
1541.2500, -58.594
1541.2750, -58.702
1541.3000, -58.796
1541.3250, -58.719
1541.3500, -58.685
1541.3750, -58.389
1541.4000, -58.038
1541.4250, -57.770
1541.4500, -57.559
1541.4750, -57.454
1541.5000, -57.296
1541.5250, -57.232
1541.5500, -57.213
1541.5750, -57.184
1541.6000, -57.199
1541.6250, -57.214
1541.6500, -57.307
1541.6750, -57.308
1541.7000, -57.424
1541.7250, -57.433
1541.7500, -57.503
1541.7750, -57.600
1541.8000, -57.619
1541.8250, -57.709
1541.8500, -57.713
1541.8750, -57.774
1541.9000, -57.819
1541.9250, -57.887
1541.9500, -57.891
1541.9750, -57.958
1542.0000, -58.008
1542.0250, -57.985
1542.0500, -58.053
1542.0750, -58.087
1542.1000, -58.143
1542.1250, -58.168
1542.1500, -58.139
1542.1750, -58.214
1542.2000, -58.248
1542.2250, -58.221
1542.2500, -58.275
1542.2750, -58.329
1542.3000, -58.316
1542.3250, -58.367
1542.3500, -58.370
1542.3750, -58.399
1542.4000, -58.361
1542.4250, -58.372
1542.4500, -58.385
1542.4750, -58.439
1542.5000, -58.481
1542.5250, -58.466
1542.5500, -58.465
1542.5750, -58.503
1542.6000, -58.537
1542.6250, -58.468
1542.6500, -58.495
1542.6750, -58.505
1542.7000, -58.498
1542.7250, -58.519
1542.7500, -58.517
1542.7750, -58.478
1542.8000, -58.579
1542.8250, -58.512
1542.8500, -58.498
1542.8750, -58.508
1542.9000, -58.518
1542.9250, -58.561
1542.9500, -58.578
1542.9750, -58.552
1543.0000, -58.559
1543.0250, -58.580
1543.0500, -58.586
1543.0750, -58.546
1543.1000, -58.532
1543.1250, -58.563
1543.1500, -58.585
1543.1750, -58.564
1543.2000, -58.591
1543.2250, -58.550
1543.2500, -58.556
1543.2750, -58.612
1543.3000, -58.594
1543.3250, -58.586
1543.3500, -58.657
1543.3750, -58.600
1543.4000, -58.593
1543.4250, -58.646
1543.4500, -58.611
1543.4750, -58.610
1543.5000, -58.650
1543.5250, -58.673
1543.5500, -58.623
1543.5750, -58.636
1543.6000, -58.620
1543.6250, -58.666
1543.6500, -58.592
1543.6750, -58.659
1543.7000, -58.668
1543.7250, -58.663
1543.7500, -58.682
1543.7750, -58.583
1543.8000, -58.716
1543.8250, -58.678
1543.8500, -58.671
1543.8750, -58.717
1543.9000, -58.699
1543.9250, -58.738
1543.9500, -58.689
1543.9750, -58.752
1544.0000, -58.709
1544.0250, -58.685
1544.0500, -58.770
1544.0750, -58.736
1544.1000, -58.761
1544.1250, -58.716
1544.1500, -58.817
1544.1750, -58.783
1544.2000, -58.754
1544.2250, -58.756
1544.2500, -58.803
1544.2750, -58.796
1544.3000, -58.825
1544.3250, -58.837
1544.3500, -58.751
1544.3750, -58.876
1544.4000, -58.866
1544.4250, -58.901
1544.4500, -58.791
1544.4750, -58.854
1544.5000, -58.945
1544.5250, -58.926
1544.5500, -58.971
1544.5750, -58.861
1544.6000, -58.935
1544.6250, -58.975
1544.6500, -58.971
1544.6750, -58.929
1544.7000, -59.026
1544.7250, -59.061
1544.7500, -58.990
1544.7750, -59.096
1544.8000, -59.019
1544.8250, -59.084
1544.8500, -59.074
1544.8750, -59.164
1544.9000, -59.075
1544.9250, -59.153
1544.9500, -59.194
1544.9750, -59.203
1545.0000, -59.212
1545.0250, -59.165
1545.0500, -59.206
1545.0750, -59.234
1545.1000, -59.215
1545.1250, -59.304
1545.1500, -59.171
1545.1750, -59.222
1545.2000, -59.306
1545.2250, -59.316
1545.2500, -59.296
1545.2750, -59.320
1545.3000, -59.328
1545.3250, -59.379
1545.3500, -59.388
1545.3750, -59.371
1545.4000, -59.417
1545.4250, -59.389
1545.4500, -59.487
1545.4750, -59.473
1545.5000, -59.412
1545.5250, -59.470
1545.5500, -59.518
1545.5750, -59.493
1545.6000, -59.528
1545.6250, -59.554
1545.6500, -59.617
1545.6750, -59.552
1545.7000, -59.604
1545.7250, -59.611
1545.7500, -59.631
1545.7750, -59.694
1545.8000, -59.643
1545.8250, -59.696
1545.8500, -59.690
1545.8750, -59.721
1545.9000, -59.769
1545.9250, -59.806
1545.9500, -59.705
1545.9750, -59.716
1546.0000, -59.831
1546.0250, -59.853
1546.0500, -59.835
1546.0750, -59.880
1546.1000, -59.857
1546.1250, -59.933
1546.1500, -59.944
1546.1750, -59.919
1546.2000, -59.895
1546.2250, -59.963
1546.2500, -59.928
1546.2750, -60.050
1546.3000, -59.899
1546.3250, -59.992
1546.3500, -59.999
1546.3750, -59.997
1546.4000, -59.959
1546.4250, -60.079
1546.4500, -60.036
1546.4750, -60.076
1546.5000, -60.045
1546.5250, -60.009
1546.5500, -60.090
1546.5750, -60.062
1546.6000, -60.047
1546.6250, -60.111
1546.6500, -59.938
1546.6750, -60.125
1546.7000, -60.157
1546.7250, -60.192
1546.7500, -60.068
1546.7750, -60.077
1546.8000, -60.131
1546.8250, -60.075
1546.8500, -60.099
1546.8750, -60.070
1546.9000, -60.153
1546.9250, -60.131
1546.9500, -60.113
1546.9750, -60.069
1547.0000, -60.185
1547.0250, -60.149
1547.0500, -60.220
1547.0750, -60.129
1547.1000, -60.153
1547.1250, -60.123
1547.1500, -60.142
1547.1750, -60.120
1547.2000, -60.191
1547.2250, -60.117
1547.2500, -60.110
1547.2750, -60.192
1547.3000, -60.124
1547.3250, -60.047
1547.3500, -60.172
1547.3750, -60.149
1547.4000, -60.062
1547.4250, -60.116
1547.4500, -60.093
1547.4750, -60.090
1547.5000, -60.053
1547.5250, -60.089
1547.5500, -60.029
1547.5750, -60.067
1547.6000, -60.052
1547.6250, -60.069
1547.6500, -59.991
1547.6750, -59.978
1547.7000, -59.993
1547.7250, -60.120
1547.7500, -59.945
1547.7750, -59.941
1547.8000, -59.895
1547.8250, -59.971
1547.8500, -59.918
1547.8750, -59.885
1547.9000, -59.857
1547.9250, -59.862
1547.9500, -59.879
1547.9750, -59.900
1548.0000, -59.844
1548.0250, -59.724
1548.0500, -59.778
1548.0750, -59.799
1548.1000, -59.778
1548.1250, -59.685
1548.1500, -59.691
1548.1750, -59.740
1548.2000, -59.730
1548.2250, -59.676
1548.2500, -59.672
1548.2750, -59.696
1548.3000, -59.623
1548.3250, -59.603
1548.3500, -59.623
1548.3750, -59.538
1548.4000, -59.545
1548.4250, -59.624
1548.4500, -59.535
1548.4750, -59.513
1548.5000, -59.511
1548.5250, -59.496
1548.5500, -59.437
1548.5750, -59.488
1548.6000, -59.369
1548.6250, -59.419
1548.6500, -59.401
1548.6750, -59.383
1548.7000, -59.380
1548.7250, -59.340
1548.7500, -59.288
1548.7750, -59.350
1548.8000, -59.279
1548.8250, -59.255
1548.8500, -59.270
1548.8750, -59.219
1548.9000, -59.253
1548.9250, -59.183
1548.9500, -59.136
1548.9750, -59.209
1549.0000, -59.126
1549.0250, -59.078
1549.0500, -59.104
1549.0750, -59.036
1549.1000, -59.063
1549.1250, -59.104
1549.1500, -59.009
1549.1750, -59.079
1549.2000, -58.903
1549.2250, -59.021
1549.2500, -58.957
1549.2750, -58.993
1549.3000, -58.858
1549.3250, -58.887
1549.3500, -58.960
1549.3750, -58.906
1549.4000, -58.944
1549.4250, -58.905
1549.4500, -58.827
1549.4750, -58.831
1549.5000, -58.872
1549.5250, -58.847
1549.5500, -58.791
1549.5750, -58.758
1549.6000, -58.845
1549.6250, -58.807
1549.6500, -58.788
1549.6750, -58.727
1549.7000, -58.780
1549.7250, -58.737
1549.7500, -58.756
1549.7750, -58.679
1549.8000, -58.699
1549.8250, -58.667
1549.8500, -58.693
1549.8750, -58.692
1549.9000, -58.626
1549.9250, -58.684
1549.9500, -58.702
1549.9750, -58.658
1550.0000, -58.657
1550.0250, -58.591
1550.0500, -58.632
1550.0750, -58.632
1550.1000, -58.657
1550.1250, -58.546
1550.1500, -58.616
1550.1750, -58.610
1550.2000, -58.618
1550.2250, -58.594
1550.2500, -58.581
1550.2750, -58.505
1550.3000, -58.605
1550.3250, -58.551
1550.3500, -58.498
1550.3750, -58.584
1550.4000, -58.508
1550.4250, -58.531
1550.4500, -58.578
1550.4750, -58.513
1550.5000, -58.589
1550.5250, -58.498
1550.5500, -58.571
1550.5750, -58.558
1550.6000, -58.487
1550.6250, -58.547
1550.6500, -58.577
1550.6750, -58.520
1550.7000, -58.504
1550.7250, -58.546
1550.7500, -58.566
1550.7750, -58.555
1550.8000, -58.573
1550.8250, -58.555
1550.8500, -58.537
1550.8750, -58.592
1550.9000, -58.573
1550.9250, -58.548
1550.9500, -58.567
1550.9750, -58.568
1551.0000, -58.615
1551.0250, -58.595
1551.0500, -58.533
1551.0750, -58.589
1551.1000, -58.605
1551.1250, -58.632
1551.1500, -58.540
1551.1750, -58.620
1551.2000, -58.625
1551.2250, -58.630
1551.2500, -58.597
1551.2750, -58.598
1551.3000, -58.607
1551.3250, -58.614
1551.3500, -58.623
1551.3750, -58.593
1551.4000, -58.565
1551.4250, -58.664
1551.4500, -58.650
1551.4750, -58.619
1551.5000, -58.711
1551.5250, -58.640
1551.5500, -58.700
1551.5750, -58.648
1551.6000, -58.715
1551.6250, -58.694
1551.6500, -58.648
1551.6750, -58.626
1551.7000, -58.771
1551.7250, -58.654
1551.7500, -58.706
1551.7750, -58.704
1551.8000, -58.755
1551.8250, -58.663
1551.8500, -58.789
1551.8750, -58.656
1551.9000, -58.739
1551.9250, -58.731
1551.9500, -58.726
1551.9750, -58.762
1552.0000, -58.736
1552.0250, -58.740
1552.0500, -58.801
1552.0750, -58.808
1552.1000, -58.790
1552.1250, -58.705
1552.1500, -58.772
1552.1750, -58.849
1552.2000, -58.775
1552.2250, -58.826
1552.2500, -58.803
1552.2750, -58.868
1552.3000, -58.812
1552.3250, -58.881
1552.3500, -58.794
1552.3750, -58.844
1552.4000, -58.867
1552.4250, -58.849
1552.4500, -58.879
1552.4750, -58.856
1552.5000, -58.864
1552.5250, -58.934
1552.5500, -58.846
1552.5750, -58.898
1552.6000, -58.903
1552.6250, -58.862
1552.6500, -58.906
1552.6750, -58.878
1552.7000, -58.882
1552.7250, -58.905
1552.7500, -58.878
1552.7750, -58.924
1552.8000, -58.879
1552.8250, -58.884
1552.8500, -58.911
1552.8750, -58.879
1552.9000, -58.944
1552.9250, -58.870
1552.9500, -58.881
1552.9750, -58.938
1553.0000, -58.899
1553.0250, -58.867
1553.0500, -58.851
1553.0750, -58.938
1553.1000, -58.989
1553.1250, -58.895
1553.1500, -58.916
1553.1750, -58.827
1553.2000, -58.947
1553.2250, -58.858
1553.2500, -58.981
1553.2750, -58.918
1553.3000, -58.945
1553.3250, -58.874
1553.3500, -58.933
1553.3750, -58.926
1553.4000, -58.882
1553.4250, -58.898
1553.4500, -58.963
1553.4750, -58.914
1553.5000, -58.947
1553.5250, -58.877
1553.5500, -58.951
1553.5750, -58.889
1553.6000, -58.964
1553.6250, -58.925
1553.6500, -58.928
1553.6750, -58.916
1553.7000, -58.929
1553.7250, -58.978
1553.7500, -58.841
1553.7750, -58.907
1553.8000, -58.973
1553.8250, -58.898
1553.8500, -58.897
1553.8750, -58.949
1553.9000, -58.871
1553.9250, -58.923
1553.9500, -58.872
1553.9750, -58.911
1554.0000, -58.894
1554.0250, -58.889
1554.0500, -58.865
1554.0750, -58.930
1554.1000, -58.880
1554.1250, -58.887
1554.1500, -58.877
1554.1750, -58.884
1554.2000, -58.826
1554.2250, -58.839
1554.2500, -58.817
1554.2750, -58.967
1554.3000, -58.822
1554.3250, -58.776
1554.3500, -58.886
1554.3750, -58.883
1554.4000, -58.895
1554.4250, -58.869
1554.4500, -58.813
1554.4750, -58.855
1554.5000, -58.875
1554.5250, -58.906
1554.5500, -58.898
1554.5750, -58.941
1554.6000, -58.883
1554.6250, -58.921
1554.6500, -58.865
1554.6750, -58.882
1554.7000, -58.896
1554.7250, -58.875
1554.7500, -58.934
1554.7750, -58.895
1554.8000, -58.887
1554.8250, -58.925
1554.8500, -58.931
1554.8750, -58.894
1554.9000, -58.934
1554.9250, -58.886
1554.9500, -58.916
1554.9750, -58.925
1555.0000, -58.945
1555.0250, -58.947
1555.0500, -58.911
1555.0750, -58.967
1555.1000, -58.959
1555.1250, -58.948
1555.1500, -58.909
1555.1750, -58.954
1555.2000, -58.973
1555.2250, -58.982
1555.2500, -58.972
1555.2750, -58.949
1555.3000, -59.009
1555.3250, -58.973
1555.3500, -59.016
1555.3750, -59.032
1555.4000, -59.002
1555.4250, -58.961
1555.4500, -59.100
1555.4750, -59.053
1555.5000, -59.064
1555.5250, -59.064
1555.5500, -59.090
1555.5750, -59.142
1555.6000, -59.054
1555.6250, -59.094
1555.6500, -59.146
1555.6750, -59.062
1555.7000, -59.121
1555.7250, -59.228
1555.7500, -59.109
1555.7750, -59.173
1555.8000, -59.220
1555.8250, -59.145
1555.8500, -59.243
1555.8750, -59.117
1555.9000, -59.262
1555.9250, -59.252
1555.9500, -59.249
1555.9750, -59.188
1556.0000, -59.252
1556.0250, -59.311
1556.0500, -59.278
1556.0750, -59.306
1556.1000, -59.314
1556.1250, -59.343
1556.1500, -59.343
1556.1750, -59.320
1556.2000, -59.408
1556.2250, -59.375
1556.2500, -59.363
1556.2750, -59.434
1556.3000, -59.401
1556.3250, -59.404
1556.3500, -59.463
1556.3750, -59.495
1556.4000, -59.561
1556.4250, -59.393
1556.4500, -59.429
1556.4750, -59.473
1556.5000, -59.487
1556.5250, -59.476
1556.5500, -59.542
1556.5750, -59.546
1556.6000, -59.471
1556.6250, -59.499
1556.6500, -59.547
1556.6750, -59.549
1556.7000, -59.566
1556.7250, -59.518
1556.7500, -59.586
1556.7750, -59.568
1556.8000, -59.548
1556.8250, -59.577
1556.8500, -59.631
1556.8750, -59.629
1556.9000, -59.601
1556.9250, -59.626
1556.9500, -59.625
1556.9750, -59.585
1557.0000, -59.709
1557.0250, -59.639
1557.0500, -59.590
1557.0750, -59.682
1557.1000, -59.628
1557.1250, -59.624
1557.1500, -59.735
1557.1750, -59.591
1557.2000, -59.596
1557.2250, -59.653
1557.2500, -59.712
1557.2750, -59.621
1557.3000, -59.660
1557.3250, -59.635
1557.3500, -59.736
1557.3750, -59.586
1557.4000, -59.559
1557.4250, -59.597
1557.4500, -59.574
1557.4750, -59.602
1557.5000, -59.591
1557.5250, -59.522
1557.5500, -59.517
1557.5750, -59.554
1557.6000, -59.530
1557.6250, -59.432
1557.6500, -59.487
1557.6750, -59.476
1557.7000, -59.501
1557.7250, -59.418
1557.7500, -59.415
1557.7750, -59.330
1557.8000, -59.361
1557.8250, -59.333
1557.8500, -59.307
1557.8750, -59.286
1557.9000, -59.239
1557.9250, -59.231
1557.9500, -59.234
1557.9750, -59.211
1558.0000, -59.122
1558.0250, -59.154
1558.0500, -59.140
1558.0750, -59.019
1558.1000, -59.061
1558.1250, -58.959
1558.1500, -58.963
1558.1750, -59.006
1558.2000, -58.969
1558.2250, -58.819
1558.2500, -58.900
1558.2750, -58.838
1558.3000, -58.820
1558.3250, -58.750
1558.3500, -58.698
1558.3750, -58.738
1558.4000, -58.712
1558.4250, -58.632
1558.4500, -58.654
1558.4750, -58.517
1558.5000, -58.529
1558.5250, -58.499
1558.5500, -58.467
1558.5750, -58.417
1558.6000, -58.355
1558.6250, -58.313
1558.6500, -58.291
1558.6750, -58.245
1558.7000, -58.219
1558.7250, -58.156
1558.7500, -58.158
1558.7750, -58.092
1558.8000, -58.054
1558.8250, -58.004
1558.8500, -57.949
1558.8750, -57.847
1558.9000, -57.930
1558.9250, -57.860
1558.9500, -57.714
1558.9750, -57.788
1559.0000, -57.667
1559.0250, -57.623
1559.0500, -57.628
1559.0750, -57.528
1559.1000, -57.512
1559.1250, -57.494
1559.1500, -57.436
1559.1750, -57.378
1559.2000, -57.322
1559.2250, -57.331
1559.2500, -57.233
1559.2750, -57.172
1559.3000, -57.178
1559.3250, -57.107
1559.3500, -57.078
1559.3750, -57.072
1559.4000, -56.984
1559.4250, -56.921
1559.4500, -56.912
1559.4750, -56.894
1559.5000, -56.858
1559.5250, -56.796
1559.5500, -56.751
1559.5750, -56.711
1559.6000, -56.679
1559.6250, -56.654
1559.6500, -56.650
1559.6750, -56.545
1559.7000, -56.527
1559.7250, -56.474
1559.7500, -56.493
1559.7750, -56.403
1559.8000, -56.359
1559.8250, -56.358
1559.8500, -56.311
1559.8750, -56.272
1559.9000, -56.241
1559.9250, -56.195
1559.9500, -56.177
1559.9750, -56.112
1560.0000, -56.095
1560.0250, -56.063
1560.0500, -55.962
1560.0750, -55.985
1560.1000, -55.945
1560.1250, -55.906
1560.1500, -55.849
1560.1750, -55.803
1560.2000, -55.807
1560.2250, -55.773
1560.2500, -55.710
1560.2750, -55.680
1560.3000, -55.645
1560.3250, -55.613
1560.3500, -55.564
1560.3750, -55.525
1560.4000, -55.511
1560.4250, -55.493
1560.4500, -55.425
1560.4750, -55.415
1560.5000, -55.355
1560.5250, -55.335
1560.5500, -55.289
1560.5750, -55.310
1560.6000, -55.221
1560.6250, -55.207
1560.6500, -55.199
1560.6750, -55.175
1560.7000, -55.133
1560.7250, -55.114
1560.7500, -55.070
1560.7750, -55.027
1560.8000, -55.011
1560.8250, -55.018
1560.8500, -55.001
1560.8750, -54.943
1560.9000, -54.913
1560.9250, -54.887
1560.9500, -54.871
1560.9750, -54.838
1561.0000, -54.804
1561.0250, -54.810
1561.0500, -54.786
1561.0750, -54.753
1561.1000, -54.735
1561.1250, -54.722
1561.1500, -54.663
1561.1750, -54.664
1561.2000, -54.610
1561.2250, -54.582
1561.2500, -54.570
1561.2750, -54.567
1561.3000, -54.571
1561.3250, -54.542
1561.3500, -54.491
1561.3750, -54.466
1561.4000, -54.455
1561.4250, -54.404
1561.4500, -54.427
1561.4750, -54.385
1561.5000, -54.357
1561.5250, -54.342
1561.5500, -54.347
1561.5750, -54.302
1561.6000, -54.295
1561.6250, -54.265
1561.6500, -54.242
1561.6750, -54.209
1561.7000, -54.197
1561.7250, -54.177
1561.7500, -54.195
1561.7750, -54.181
1561.8000, -54.134
1561.8250, -54.105
1561.8500, -54.071
1561.8750, -54.093
1561.9000, -54.066
1561.9250, -54.043
1561.9500, -54.029
1561.9750, -54.021
1562.0000, -54.021
1562.0250, -53.992
1562.0500, -53.980
1562.0750, -53.950
1562.1000, -53.965
1562.1250, -53.909
1562.1500, -53.956
1562.1750, -53.967
1562.2000, -53.943
1562.2250, -53.930
1562.2500, -53.885
1562.2750, -53.870
1562.3000, -53.884
1562.3250, -53.871
1562.3500, -53.878
1562.3750, -53.855
1562.4000, -53.855
1562.4250, -53.841
1562.4500, -53.837
1562.4750, -53.846
1562.5000, -53.818
1562.5250, -53.829
1562.5500, -53.775
1562.5750, -53.764
1562.6000, -53.774
1562.6250, -53.794
1562.6500, -53.804
1562.6750, -53.754
1562.7000, -53.723
1562.7250, -53.731
1562.7500, -53.718
1562.7750, -53.759
1562.8000, -53.725
1562.8250, -53.723
1562.8500, -53.707
1562.8750, -53.705
1562.9000, -53.699
1562.9250, -53.700
1562.9500, -53.658
1562.9750, -53.697
1563.0000, -53.657
1563.0250, -53.630
1563.0500, -53.659
1563.0750, -53.670
1563.1000, -53.701
1563.1250, -53.677
1563.1500, -53.651
1563.1750, -53.629
1563.2000, -53.651
1563.2250, -53.667
1563.2500, -53.686
1563.2750, -53.654
1563.3000, -53.689
1563.3250, -53.669
1563.3500, -53.653
1563.3750, -53.659
1563.4000, -53.668
1563.4250, -53.693
1563.4500, -53.677
1563.4750, -53.668
1563.5000, -53.655
1563.5250, -53.692
1563.5500, -53.724
1563.5750, -53.753
1563.6000, -53.677
1563.6250, -53.666
1563.6500, -53.678
1563.6750, -53.711
1563.7000, -53.712
1563.7250, -53.733
1563.7500, -53.733
1563.7750, -53.725
1563.8000, -53.712
1563.8250, -53.714
1563.8500, -53.740
1563.8750, -53.753
1563.9000, -53.737
1563.9250, -53.724
1563.9500, -53.750
1563.9750, -53.779
1564.0000, -53.798
1564.0250, -53.817
1564.0500, -53.769
1564.0750, -53.716
1564.1000, -53.768
1564.1250, -53.772
1564.1500, -53.783
1564.1750, -53.831
1564.2000, -53.811
1564.2250, -53.817
1564.2500, -53.813
1564.2750, -53.803
1564.3000, -53.818
1564.3250, -53.846
1564.3500, -53.845
1564.3750, -53.834
1564.4000, -53.846
1564.4250, -53.899
1564.4500, -53.917
1564.4750, -53.920
1564.5000, -53.890
1564.5250, -53.861
1564.5500, -53.900
1564.5750, -53.972
1564.6000, -53.978
1564.6250, -53.975
1564.6500, -54.004
1564.6750, -53.993
1564.7000, -54.009
1564.7250, -53.998
1564.7500, -54.060
1564.7750, -54.072
1564.8000, -54.076
1564.8250, -54.062
1564.8500, -54.078
1564.8750, -54.123
1564.9000, -54.149
1564.9250, -54.148
1564.9500, -54.116
1564.9750, -54.151
1565.0000, -54.165
1565.0250, -54.237
1565.0500, -54.246
1565.0750, -54.277
1565.1000, -54.312
1565.1250, -54.299
1565.1500, -54.289
1565.1750, -54.257
1565.2000, -54.292
1565.2250, -54.386
1565.2500, -54.385
1565.2750, -54.391
1565.3000, -54.445
1565.3250, -54.419
1565.3500, -54.497
1565.3750, -54.514
1565.4000, -54.490
1565.4250, -54.482
1565.4500, -54.503
1565.4750, -54.558
1565.5000, -54.574
1565.5250, -54.619
1565.5500, -54.638
1565.5750, -54.645
1565.6000, -54.587
1565.6250, -54.610
1565.6500, -54.621
1565.6750, -54.720
1565.7000, -54.785
1565.7250, -54.787
1565.7500, -54.816
1565.7750, -54.848
1565.8000, -54.898
1565.8250, -54.918
1565.8500, -54.903
1565.8750, -54.980
1565.9000, -54.988
1565.9250, -54.996
1565.9500, -55.057
1565.9750, -55.131
1566.0000, -55.185
1566.0250, -55.237
1566.0500, -55.167
1566.0750, -55.206
1566.1000, -55.203
1566.1250, -55.317
1566.1500, -55.397
1566.1750, -55.366
1566.2000, -55.394
1566.2250, -55.451
1566.2500, -55.509
1566.2750, -55.525
1566.3000, -55.547
1566.3250, -55.560
1566.3500, -55.660
1566.3750, -55.683
1566.4000, -55.696
1566.4250, -55.799
1566.4500, -55.857
1566.4750, -55.854
1566.5000, -55.873
1566.5250, -55.860
1566.5500, -55.942
1566.5750, -56.005
1566.6000, -56.091
1566.6250, -56.140
1566.6500, -56.116
1566.6750, -56.181
1566.7000, -56.238
1566.7250, -56.258
1566.7500, -56.328
1566.7750, -56.317
1566.8000, -56.431
1566.8250, -56.434
1566.8500, -56.513
1566.8750, -56.529
1566.9000, -56.575
1566.9250, -56.650
1566.9500, -56.605
1566.9750, -56.703
1567.0000, -56.742
1567.0250, -56.849
1567.0500, -56.913
1567.0750, -56.954
1567.1000, -56.995
1567.1250, -56.965
1567.1500, -57.065
1567.1750, -57.099
1567.2000, -57.189
1567.2250, -57.254
1567.2500, -57.241
1567.2750, -57.322
1567.3000, -57.440
1567.3250, -57.510
1567.3500, -57.619
1567.3750, -57.559
1567.4000, -57.564
1567.4250, -57.610
1567.4500, -57.635
1567.4750, -57.805
1567.5000, -57.833
1567.5250, -57.958
1567.5500, -57.898
1567.5750, -58.012
1567.6000, -57.993
1567.6250, -58.012
1567.6500, -58.133
1567.6750, -58.234
1567.7000, -58.292
1567.7250, -58.350
1567.7500, -58.308
1567.7750, -58.357
1567.8000, -58.454
1567.8250, -58.463
1567.8500, -58.529
1567.8750, -58.499
1567.9000, -58.579
1567.9250, -58.646
1567.9500, -58.701
1567.9750, -58.755
1568.0000, -58.742
1568.0250, -58.711
1568.0500, -58.847
1568.0750, -58.870
1568.1000, -58.884
1568.1250, -58.928
1568.1500, -59.021
1568.1750, -59.088
1568.2000, -59.012
1568.2250, -59.035
1568.2500, -59.069
1568.2750, -59.131
1568.3000, -59.192
1568.3250, -59.112
1568.3500, -59.215
1568.3750, -59.231
1568.4000, -59.285
1568.4250, -59.276
1568.4500, -59.320
1568.4750, -59.285
1568.5000, -59.269
1568.5250, -59.287
1568.5500, -59.340
1568.5750, -59.428
1568.6000, -59.414
1568.6250, -59.413
1568.6500, -59.433
1568.6750, -59.377
1568.7000, -59.404
1568.7250, -59.399
1568.7500, -59.358
1568.7750, -59.340
1568.8000, -59.378
1568.8250, -59.475
1568.8500, -59.473
1568.8750, -59.337
1568.9000, -59.396
1568.9250, -59.302
1568.9500, -59.353
1568.9750, -59.326
1569.0000, -59.292
1569.0250, -59.364
1569.0500, -59.386
1569.0750, -59.393
1569.1000, -59.181
1569.1250, -59.136
1569.1500, -59.226
1569.1750, -59.241
1569.2000, -59.255
1569.2250, -59.147
1569.2500, -59.158
1569.2750, -59.137
1569.3000, -59.177
1569.3250, -59.130
1569.3500, -59.071
1569.3750, -58.976
1569.4000, -58.975
1569.4250, -58.972
1569.4500, -58.908
1569.4750, -58.894
1569.5000, -58.952
1569.5250, -58.870
1569.5500, -58.767
1569.5750, -58.688
1569.6000, -58.688
1569.6250, -58.653
1569.6500, -58.712
1569.6750, -58.624
1569.7000, -58.554
1569.7250, -58.527
1569.7500, -58.546
1569.7750, -58.551
1569.8000, -58.545
1569.8250, -58.449
1569.8500, -58.408
1569.8750, -58.332
1569.9000, -58.413
1569.9250, -58.379
1569.9500, -58.368
1569.9750, -58.343
1570.0000, -58.288
1570.0250, -58.174
1570.0500, -58.166
1570.0750, -58.191
1570.1000, -58.186
1570.1250, -58.094
1570.1500, -58.122
1570.1750, -58.097
1570.2000, -58.006
1570.2250, -58.010
1570.2500, -57.992
1570.2750, -57.923
1570.3000, -57.913
1570.3250, -57.806
1570.3500, -57.810
1570.3750, -57.796
1570.4000, -57.843
1570.4250, -57.842
1570.4500, -57.686
1570.4750, -57.706
1570.5000, -57.628
1570.5250, -57.628
1570.5500, -57.684
1570.5750, -57.604
1570.6000, -57.547
1570.6250, -57.553
1570.6500, -57.537
1570.6750, -57.544
1570.7000, -57.431
1570.7250, -57.464
1570.7500, -57.445
1570.7750, -57.371
1570.8000, -57.403
1570.8250, -57.387
1570.8500, -57.384
1570.8750, -57.431
1570.9000, -57.360
1570.9250, -57.238
1570.9500, -57.244
1570.9750, -57.240
1571.0000, -57.266
1571.0250, -57.251
1571.0500, -57.174
1571.0750, -57.221
1571.1000, -57.204
1571.1250, -57.205
1571.1500, -57.150
1571.1750, -57.080
1571.2000, -57.124
1571.2250, -57.152
1571.2500, -57.107
1571.2750, -57.109
1571.3000, -57.121
1571.3250, -57.117
1571.3500, -57.158
1571.3750, -57.102
1571.4000, -57.022
1571.4250, -57.019
1571.4500, -57.080
1571.4750, -57.067
1571.5000, -57.038
1571.5250, -57.058
1571.5500, -57.041
1571.5750, -57.037
1571.6000, -57.059
1571.6250, -57.096
1571.6500, -57.071
1571.6750, -56.988
1571.7000, -57.008
1571.7250, -56.937
1571.7500, -56.983
1571.7750, -57.028
1571.8000, -57.001
1571.8250, -56.958
1571.8500, -56.898
1571.8750, -56.927
1571.9000, -56.945
1571.9250, -56.964
1571.9500, -57.022
1571.9750, -56.970
1572.0000, -56.980
1572.0250, -56.981
1572.0500, -56.926
1572.0750, -56.961
1572.1000, -56.976
1572.1250, -56.948
1572.1500, -56.987
1572.1750, -56.948
1572.2000, -56.973
1572.2250, -57.049
1572.2500, -57.047
1572.2750, -57.067
1572.3000, -56.973
1572.3250, -57.008
1572.3500, -57.083
1572.3750, -57.135
1572.4000, -57.076
1572.4250, -57.130
1572.4500, -57.119
1572.4750, -57.144
1572.5000, -57.078
1572.5250, -57.142
1572.5500, -57.093
1572.5750, -57.196
1572.6000, -57.208
1572.6250, -57.161
1572.6500, -57.219
1572.6750, -57.207
1572.7000, -57.243
1572.7250, -57.232
1572.7500, -57.213
1572.7750, -57.238
1572.8000, -57.267
1572.8250, -57.280
1572.8500, -57.334
1572.8750, -57.324
1572.9000, -57.359
1572.9250, -57.324
1572.9500, -57.388
1572.9750, -57.436
1573.0000, -57.383
1573.0250, -57.426
1573.0500, -57.432
1573.0750, -57.482
1573.1000, -57.517
1573.1250, -57.487
1573.1500, -57.565
1573.1750, -57.553
1573.2000, -57.557
1573.2250, -57.534
1573.2500, -57.625
1573.2750, -57.613
1573.3000, -57.671
1573.3250, -57.652
1573.3500, -57.740
1573.3750, -57.663
1573.4000, -57.769
1573.4250, -57.760
1573.4500, -57.804
1573.4750, -57.866
1573.5000, -57.840
1573.5250, -57.801
1573.5500, -57.863
1573.5750, -57.901
1573.6000, -58.015
1573.6250, -58.039
1573.6500, -57.935
1573.6750, -57.953
1573.7000, -58.062
1573.7250, -58.086
1573.7500, -58.169
1573.7750, -58.197
1573.8000, -58.196
1573.8250, -58.239
1573.8500, -58.334
1573.8750, -58.311
1573.9000, -58.349
1573.9250, -58.426
1573.9500, -58.446
1573.9750, -58.465
1574.0000, -58.471
1574.0250, -58.458
1574.0500, -58.646
1574.0750, -58.614
1574.1000, -58.684
1574.1250, -58.639
1574.1500, -58.609
1574.1750, -58.729
1574.2000, -58.761
1574.2250, -58.830
1574.2500, -58.823
1574.2750, -58.846
1574.3000, -58.814
1574.3250, -58.958
1574.3500, -58.931
1574.3750, -58.985
1574.4000, -59.022
1574.4250, -59.016
1574.4500, -59.092
1574.4750, -59.173
1574.5000, -59.119
1574.5250, -59.222
1574.5500, -59.233
1574.5750, -59.308
1574.6000, -59.279
1574.6250, -59.359
1574.6500, -59.374
1574.6750, -59.456
1574.7000, -59.499
1574.7250, -59.624
1574.7500, -59.624
1574.7750, -59.553
1574.8000, -59.696
1574.8250, -59.698
1574.8500, -59.805
1574.8750, -59.872
1574.9000, -59.716
1574.9250, -59.961
1574.9500, -59.924
1574.9750, -60.020
1575.0000, -59.962
